12.6728,11.4709,12.0932,12.0127
11.5837,10.3993,10.6058,10.5752

12.6689,11.4759,12.0936,12.0141
11.5771,10.4017,10.6076,10.5777

12.6626,11.4815,12.0913,12.0142
11.5752,10.411,10.6028,10.575

12.6618,11.4822,12.0911,12.0145
11.5742,10.4113,10.6029,10.5756

12.667,11.4775,12.0942,12.0131
11.5754,10.4034,10.6083,10.5769

12.6668,11.4772,12.0915,12.0142
11.5788,10.4062,10.6034,10.5756

12.6681,11.4762,12.0907,12.0151
11.5804,10.4056,10.6021,10.5759

12.6753,11.4687,12.0932,12.0136
11.5844,10.3956,10.6069,10.5772

12.6747,11.4693,12.0919,12.0142
11.5855,10.3977,10.6043,10.5765

12.6713,11.4732,12.0914,12.0143
11.5839,10.4031,10.6022,10.5748

12.6724,11.4716,12.0937,12.0128
11.582,10.3988,10.6071,10.5761

12.6691,11.4746,12.0936,12.0125
11.5795,10.4024,10.6067,10.5754

12.6623,11.4821,12.0908,12.0148
11.5752,10.4118,10.6019,10.5751

12.6657,11.4782,12.0931,12.0129
11.5763,10.4061,10.6061,10.5755

12.6661,11.4782,12.093,12.014
11.5753,10.4047,10.6067,10.5773

12.667,11.4773,12.0909,12.0148
11.5795,10.4068,10.6022,10.5755

12.6721,11.4717,12.0925,12.0134
11.5831,10.4001,10.6051,10.5758

12.6752,11.4686,12.0928,12.0138
11.5846,10.3957,10.6064,10.5773

12.6737,11.4706,12.0908,12.0151
11.5857,10.3999,10.6022,10.5761

12.6689,11.4751,12.091,12.0146
11.5808,10.4041,10.603,10.5761

12.6682,11.4762,12.0939,12.0133
11.5768,10.4024,10.6078,10.5769

12.6635,11.4799,12.0908,12.0144
11.5754,10.4087,10.6035,10.5763

12.662,11.4818,12.0911,12.0142
11.5745,10.4111,10.603,10.5754

12.6681,11.4755,12.0931,12.013
11.5781,10.4028,10.6068,10.5764

12.7099,11.55,12.131,12.0974
11.5434,10.4066,10.6005,10.6135

12.6899,11.8645,12.071,12.4758
11.3146,10.5098,10.4612,10.8783

12.8177,12.1452,12.109,12.8853
11.1406,10.4924,10.3878,11.1432

12.992,12.5238,12.0899,13.4959
10.9491,10.4948,10.2022,11.518

13.195,12.9502,12.0105,14.2458
10.7479,10.4912,9.94491,11.98

13.4074,13.4577,11.8307,15.1932
10.5032,10.4881,9.59205,12.5806

13.6772,14.0445,11.6189,16.3047
10.2626,10.4858,9.17819,13.2374

13.9471,14.6921,11.4105,17.4674
10.0165,10.5046,8.76565,13.8773

14.2497,15.4007,11.2796,18.6551
9.7562,10.5058,8.41962,14.4824

14.6348,16.182,11.2861,19.8646
9.51801,10.4958,8.15449,14.9957

14.9929,16.9063,11.3591,20.9211
9.31634,10.4874,7.97067,15.3896

15.2372,17.4383,11.3749,21.7121
9.17219,10.487,7.81822,15.6866

15.4223,17.7092,11.3771,22.1728
9.1339,10.4791,7.71701,15.834

15.4445,17.7564,11.3283,22.2868
9.12709,10.484,7.66508,15.8879

15.452,17.7455,11.3879,22.2274
9.13423,10.4808,7.70812,15.8409

15.4502,17.737,11.5283,22.0895
9.13229,10.4767,7.81381,15.7412

15.4605,17.7194,11.6605,21.9602
9.13995,10.4691,7.91125,15.6437

15.4647,17.7126,11.6908,21.9293
9.14358,10.4665,7.93358,15.6204

15.4545,17.7248,11.6178,21.9996
9.13582,10.4715,7.88093,15.6758

15.455,17.7342,11.5012,22.1155
9.1366,10.4761,7.79268,15.7587

15.4441,17.7474,11.407,22.2054
9.12839,10.4813,7.72476,15.8296

15.447,17.7452,11.4109,22.2022
9.13057,10.4804,7.72705,15.826

15.4026,17.7348,11.4629,22.1086
9.10376,10.4763,7.7861,15.7978

15.1157,17.7883,11.5456,21.8486
8.9127,10.5002,7.94877,15.8024

14.7128,17.8309,11.9129,21.2229
8.64567,10.5176,8.38329,15.6175

14.2706,17.8072,12.7877,20.0234
8.36654,10.5161,9.26538,15.016

13.7432,17.7526,14.0948,18.3019
8.02848,10.4951,10.606,14.0345

17.7359,13.1946,18.7214,13.1749
10.4854,7.68059,14.799,10.199

17.7215,12.6411,20.1186,11.1827
10.4564,7.34062,16.5493,8.81767

17.8043,12.0029,21.2199,9.46043
10.4888,6.94442,18.1414,7.58931

17.7473,11.7404,21.8023,8.48899
10.4544,6.78899,19.0562,6.86437

17.7147,11.6118,21.9821,8.1179
10.4479,6.72052,19.4039,6.59167

17.6879,11.5803,21.7208,8.36184
10.4405,6.7047,19.1943,6.82444

17.7639,11.4854,21.2583,8.87068
10.5126,6.65695,18.7188,7.27564

17.5535,11.6529,20.5594,9.61827
10.388,6.75934,18.0631,7.95359

17.7834,11.4084,20.4909,9.69269
10.5278,6.60306,18.003,8.0301

17.5552,11.6558,20.561,9.61901
10.3928,6.76369,18.0564,7.9511

17.5994,11.6354,21.1084,9.02408
10.4085,6.74851,18.5911,7.41591

17.6579,11.6104,21.6063,8.49013
10.4299,6.72771,19.0712,6.93523

17.7489,11.5458,21.8337,8.25439
10.4858,6.68887,19.2704,6.71896

17.6468,11.6168,21.5203,8.58344
10.4265,6.73324,18.9859,7.01831

17.7345,11.502,21.1102,9.02774
10.4948,6.66622,18.5836,7.41946

17.5098,11.8712,20.5805,9.73522
10.3984,6.92125,17.8736,7.97076

17.3761,12.3424,20.3943,10.2011
10.4094,7.28178,17.2753,8.19753

17.347,12.7857,20.5671,10.333
10.492,7.63805,16.9439,8.08999

17.1219,13.4978,20.712,10.5475
10.4636,8.18588,16.509,8.0055

16.921,14.2032,20.6977,10.9398
10.4696,8.75609,15.9023,8.03602

16.7944,14.8044,20.3637,11.6419
10.5317,9.27318,15.0652,8.29389

16.4841,15.6043,19.441,12.9518
10.4948,9.95064,13.7758,8.94272

16.2559,16.2866,18.3633,14.3574
10.5217,10.5738,12.464,9.60461

15.9499,17.0446,17.2123,15.8146
10.4761,11.2489,11.1953,10.2437

15.9279,17.5174,16.5636,16.7262
10.6474,11.772,10.3124,10.4323

15.8186,18.0187,16.1541,17.3498
10.7364,12.3129,9.67196,10.4428

15.6743,18.4284,15.8294,17.8108
10.7501,12.7449,9.21704,10.452

15.7011,18.5585,15.6577,18.0675
10.8266,12.9044,8.97715,10.4558

15.8762,18.4318,15.6202,18.1306
10.9699,12.8248,8.91654,10.4527

18.3042,16.0143,18.2712,15.4943
12.7215,11.0468,10.5242,8.87145

18.3557,15.9561,18.3065,15.4475
12.7716,11.0148,10.5391,8.83851

15.9965,18.3065,15.6524,18.0961
11.0539,12.726,8.94275,10.4413

15.804,18.4963,15.6567,18.0969
10.9049,12.8603,8.95206,10.4467

15.6266,18.6693,15.6078,18.1393
10.783,12.9997,8.91725,10.464

15.6519,18.646,15.6434,18.1112
10.792,12.9713,8.9456,10.4551

15.7774,18.5217,15.6313,18.1175
10.8918,12.8865,8.93208,10.4536

15.9661,18.3347,15.6519,18.0959
11.0305,12.7461,8.94435,10.443

18.2889,16.0191,18.275,15.4784
12.7169,11.0565,10.5278,8.86277

18.1402,15.959,18.1648,15.393
12.6691,11.0671,10.5456,8.88223

15.6568,17.9446,15.5841,17.5394
10.9377,12.6186,9.18532,10.4224

14.8701,18.0079,15.4433,17.0361
10.4934,12.847,9.39557,10.4281

13.7216,18.3415,15.2472,16.5132
9.78199,13.3172,9.61535,10.4495

12.3939,18.7531,15.0548,15.9124
8.92048,13.8763,9.90261,10.4646

10.9805,19.1814,14.7911,15.3202
7.99319,14.5144,10.1679,10.4885

9.90747,19.5134,14.6131,14.8624
7.26409,15.0168,10.393,10.4901

9.28001,19.6827,14.5261,14.5537
6.83577,15.3149,10.5499,10.4634

9.1314,19.6267,14.4605,14.4254
6.75948,15.3667,10.5883,10.4495

9.40517,19.3486,14.3709,14.4883
6.98732,15.1463,10.5214,10.509

10.0469,18.7193,14.3982,14.4283
7.51012,14.6301,10.5436,10.4801

10.6059,18.1745,14.3472,14.4607
7.96401,14.1751,10.5044,10.5205

10.7518,18.034,14.2257,14.578
8.08583,14.0592,10.4063,10.6127

10.6517,18.1304,14.3023,14.5034
8.00344,14.1407,10.4671,10.5528

10.2373,18.5333,14.3968,14.4231
7.66348,14.4731,10.5445,10.4829

9.64042,19.1181,14.3752,14.4713
7.17908,14.9577,10.5249,10.5023

9.25302,19.4991,14.3682,14.5008
6.86329,15.2692,10.5181,10.5134

9.26191,19.4901,14.3723,14.4967
6.86943,15.2595,10.5229,10.5122

9.6404,19.145,14.4012,14.4824
7.15855,14.9365,10.552,10.5169

14.0082,14.945,18.0978,10.7528
10.5004,11.3518,13.548,7.76379

14.2503,14.7139,17.588,11.3936
10.5083,10.9489,13.3253,8.38146

14.4597,14.5345,17.0538,12.0779
10.4748,10.5861,13.0611,9.04202

14.782,14.2246,16.6103,12.6776
10.4658,10.0815,12.9202,9.69646

15.1551,13.831,16.2711,13.1487
10.4699,9.52153,12.8842,10.2884

15.5034,13.4659,15.9097,13.64
10.4572,9.01277,12.7957,10.8983

12.9254,15.9756,13.1859,16.4484
8.38961,10.4715,10.7164,13.5865

12.3944,16.4235,12.1312,17.5345
7.81301,10.4847,9.99947,14.8668

12.099,16.6919,11.1877,18.4826
7.49438,10.4844,9.26035,15.9249

11.9546,16.8476,10.5038,19.1606
7.34633,10.5027,8.68105,16.6339

11.9176,16.8858,10.2167,19.4355
7.30483,10.4991,8.43606,16.924

11.9229,16.8932,10.4169,19.254
7.3235,10.5286,8.59896,16.713

11.99,16.7876,11.037,18.6488
7.36724,10.469,9.16764,16.1601

11.9926,16.7506,11.6755,18.0302
7.35901,10.4419,9.76229,15.6008

12.0733,16.6821,12.1282,17.6064
7.41929,10.4143,10.1565,15.174

12.0505,16.6979,12.0604,17.6674
7.40092,10.419,10.102,15.2421

11.9873,16.7615,11.5758,18.127
7.35786,10.4506,9.66848,15.687

11.9875,16.8015,10.9385,18.7475
7.36899,10.4811,9.07234,16.2416

11.9392,16.8628,10.4496,19.2147
7.32941,10.5024,8.63707,16.6951

11.9339,16.8726,10.3627,19.3015
7.32056,10.4998,8.561,16.7826

12.1561,16.9556,10.8842,19.1065
7.41449,10.4878,8.90334,16.3584

12.5553,17.1354,11.8162,18.7886
7.56263,10.4623,9.48886,15.6502

13.1308,17.4416,12.8869,18.6211
7.75593,10.4339,10.045,14.9292

13.8096,17.8474,13.7,18.8821
7.97237,10.4203,10.2702,14.5011

14.7537,18.5824,14.2002,20.0159
8.21927,10.4475,10.013,14.4843

15.6663,19.3445,14.44,21.3938
8.43095,10.4858,9.59845,14.6488

16.6821,20.1778,15.0225,22.6188
8.64228,10.513,9.40628,14.6025

17.8935,21.0643,16.3617,23.3675
8.88507,10.5075,9.63821,14.1333

19.4108,22.0037,18.6802,23.5127
9.19132,10.4568,10.3109,13.205

20.7257,22.796,20.7293,23.5699
9.4281,10.3999,10.8589,12.4771

21.5407,23.4328,21.58,24.1605
9.53623,10.3987,10.9039,12.3252

21.7952,23.8844,21.0458,25.3803
9.52368,10.458,10.4258,12.7566

21.6653,24.0477,20.1941,26.246
9.4563,10.5177,9.97347,13.2165

21.6883,24.0203,20.3046,26.1327
9.4695,10.5087,10.0311,13.1547

21.7931,23.8759,21.1871,25.2359
9.51933,10.4516,10.5066,12.6865

21.9023,23.7774,21.7945,24.6485
9.56651,10.408,10.8228,12.3666

21.8279,23.8271,21.4211,24.9923
9.53738,10.4334,10.6334,12.5598

21.7337,23.9543,20.5953,25.8284
9.49499,10.4859,10.1874,12.9957

21.6633,24.0431,20.2304,26.2039
9.45715,10.5178,9.99374,13.1953

21.7575,23.9313,20.8063,25.6244
9.50427,10.4753,10.2984,12.886

21.8397,23.8194,21.5353,24.885
9.54061,10.4284,10.6933,12.5017

21.6467,23.6052,21.4659,24.5549
9.52445,10.4102,10.7715,12.4579

20.9487,23.3136,20.2491,24.7904
9.36967,10.4566,10.4032,12.9345

20.1553,22.851,18.9082,24.8739
9.21929,10.4855,10.0144,13.4448

19.2419,22.3058,17.8756,24.4669
9.02743,10.5076,9.84233,13.7866

18.3711,21.5498,17.31,23.4396
8.88384,10.4724,9.98267,13.8251

17.491,20.8425,16.8204,22.3796
8.71551,10.449,10.1732,13.8263

16.5754,20.1365,16.0458,21.5568
8.52975,10.4375,10.1951,14.0016

15.7105,19.519,14.9851,21.1388
8.33867,10.4452,9.96075,14.4194

14.8337,18.9765,13.8041,20.8969
8.10946,10.4719,9.59347,14.9892

14.0221,18.3962,12.7659,20.5338
7.90704,10.4825,9.2825,15.492

13.2905,17.8569,12.0493,19.9856
7.71088,10.4835,9.15944,15.8102

12.6434,17.369,11.6116,19.3082
7.52683,10.4803,9.20996,15.947

12.2387,17.0088,11.4661,18.7091
7.4213,10.4657,9.37353,15.9035

12.0428,16.8102,11.4453,18.347
7.3768,10.4549,9.50771,15.8245

11.9922,16.7702,11.4342,18.2701
7.36236,10.4556,9.53378,15.8123

12.0129,16.7634,11.3481,18.3586
7.3809,10.4563,9.44629,15.8805

11.9855,16.7908,11.1798,18.518
7.35991,10.4673,9.29828,16.0385

11.9715,16.8106,11.0224,18.67
7.34962,10.4763,9.15584,16.1823

11.9914,16.7978,10.9832,18.7095
7.36627,10.472,9.11513,16.2106

11.9717,16.8108,11.0274,18.6659
7.34949,10.476,9.16027,16.1782

11.997,16.7802,11.1815,18.5169
7.36739,10.4603,9.29924,16.037

12.0054,16.7714,11.3093,18.3964
7.37433,10.4587,9.41253,15.9185

11.9937,16.7744,11.3679,18.3367
7.36359,10.4575,9.47132,15.8716

12.0122,16.7685,11.344,18.3623
7.38645,10.4679,9.43668,15.873

12.2326,16.6396,11.3849,18.3483
7.60796,10.4862,9.37627,15.6936

12.6699,16.3543,11.6306,18.1468
8.04843,10.4907,9.41452,15.2103

13.1101,16.0472,12.1059,17.6973
8.52597,10.5078,9.6312,14.499

13.6218,15.641,12.909,16.8861
9.09788,10.489,10.0948,13.4823

14.1796,15.1801,14.0347,15.709
9.77639,10.4848,10.7518,12.151

15.297,14.1067,15.7954,13.8354
10.8853,9.99785,11.908,10.3728

14.7791,14.6385,16.0352,13.44
10.8117,10.7261,11.8176,9.80866

12.9588,16.4264,14.7602,14.5873
9.64178,12.418,10.6274,10.4768

12.5717,16.7641,14.5585,14.706
9.42584,12.8139,10.4188,10.5055

12.6206,16.7072,14.5185,14.7191
9.49869,12.8126,10.3621,10.4906

12.9551,16.373,14.5191,14.709
9.77176,12.542,10.3608,10.4894

13.4157,15.9188,14.573,14.6594
10.129,12.1527,10.4107,10.4716

13.7011,15.6351,14.5619,14.6579
10.3788,11.9426,10.3838,10.4588

13.7702,15.5646,14.5719,14.6479
10.4308,11.8806,10.3955,10.457

13.5743,15.7588,14.5742,14.652
10.2623,12.0279,10.4078,10.466

13.1444,16.186,14.526,14.6983
9.92754,12.3924,10.3622,10.4819

12.8009,16.5231,14.5226,14.7094
9.64071,12.6567,10.372,10.4945

12.6335,16.6887,14.5234,14.7144
9.50008,12.7851,10.3786,10.5002

12.6933,16.6284,14.503,14.7262
9.56031,12.7513,10.3524,10.5

13.0936,16.3726,14.629,14.7471
9.81262,12.4518,10.4121,10.4875

13.7733,16.1404,14.9649,14.8772
10.1418,12.0072,10.5417,10.4732

14.5669,16.0463,15.469,15.1074
10.428,11.5576,10.7184,10.46

13.8285,17.6509,14.6118,16.897
9.49829,12.2815,9.87258,11.5116

14.2272,18.317,15.0728,17.5632
9.35708,12.2059,9.92963,11.6714

14.6661,19.1878,15.6623,18.3608
9.16456,12.1562,10.007,11.8362

15.1583,20.1541,16.1917,19.3736
8.97308,12.1007,10.0015,12.0887

19.8328,17.1729,20.3125,17.0119
11.2042,9.63116,12.1891,10.1396

19.1626,19.8403,19.213,20.2251
10.106,10.4673,10.9727,11.618

19.9771,21.2659,19.4368,22.3481
9.84551,10.4901,10.5539,12.2745

20.7728,22.595,19.8606,24.148
9.63666,10.4982,10.3071,12.7221

21.3968,23.4678,20.4616,25.1115
9.54116,10.4847,10.2993,12.8388

21.7394,23.8665,21.027,25.3279
9.51025,10.4632,10.4368,12.7537

21.8367,23.8546,21.2964,25.1457
9.54051,10.4438,10.5538,12.6258

21.8039,23.8619,21.1793,25.2369
9.52896,10.4501,10.5003,12.6846

21.7764,23.9191,20.9261,25.5119
9.51388,10.4716,10.3577,12.8208

21.742,23.9456,20.7966,25.633
9.49718,10.4818,10.2939,12.8911

21.7732,23.9134,20.9561,25.4741
9.51373,10.4707,10.376,12.8035

21.7976,23.8575,21.1606,25.2443
9.52863,10.4508,10.493,12.6916

21.8108,23.8585,21.1912,25.2277
9.53253,10.4492,10.5048,12.6775

21.7571,23.9242,20.9619,25.4647
9.50568,10.475,10.3818,12.8015

21.7657,23.9158,20.8538,25.5688
9.51162,10.4725,10.3235,12.8563

21.7661,23.8138,20.9119,25.3858
9.562,10.4814,10.3579,12.7628

21.9481,23.4338,21.2836,24.736
9.79271,10.4651,10.5247,12.3815

22.0738,22.9286,21.6573,23.8722
10.0771,10.4667,10.7095,11.9107

22.2715,22.3205,22.0909,22.8885
10.4483,10.4567,10.9025,11.3566

22.3743,21.718,22.3991,21.9366
10.81,10.4661,11.0462,10.8418

18.9963,24.5034,19.3959,24.1867
9.42449,12.2923,9.47477,11.9725

20.9047,22.012,21.6003,21.2394
10.771,11.3674,10.5944,10.4312

19.614,22.6193,20.6748,21.3211
10.462,12.1551,10.0995,10.4473

18.5247,23.028,19.8333,21.3409
10.2157,12.8519,9.65643,10.44

17.4624,23.379,18.9303,21.3928
9.96923,13.5717,9.17865,10.4444

16.5054,23.5795,18.0302,21.4004
9.76852,14.2543,8.70876,10.4325

15.614,23.6894,17.1357,21.3852
9.58237,14.9174,8.24824,10.416

14.6871,23.8312,16.2097,21.4084
9.34101,15.6364,7.77035,10.4163

13.7819,23.9317,15.2811,21.4192
9.08852,16.3797,7.28917,10.4066

12.8733,24.0176,14.3183,21.4565
8.80056,17.1586,6.7927,10.4122

12.141,23.9207,13.4769,21.3631
8.61094,17.8419,6.3587,10.3524

11.4373,23.8105,12.5856,21.342
8.40644,18.5288,5.89972,10.329

10.6897,23.6904,11.5344,21.4315
8.1526,19.2762,5.3662,10.369

10.0584,23.5021,10.6168,21.4396
7.94436,19.9635,4.89178,10.3644

9.42156,23.2991,9.68684,21.4469
7.70716,20.6837,4.41469,10.3584

8.79384,23.0544,8.73832,21.4442
7.45543,21.4299,3.92891,10.3498

8.20452,22.7964,7.8202,21.4456
7.19596,22.1666,3.45816,10.3433

7.67301,22.4853,6.91543,21.4364
6.96076,22.8799,2.99305,10.3303

7.23821,22.1957,6.12504,21.4393
6.75832,23.5036,2.58437,10.3178

7.0326,21.9894,5.75585,21.3625
6.67529,23.8131,2.39538,10.2803

6.95723,21.8967,5.62844,21.3093
6.6481,23.927,2.33112,10.2577

6.97252,21.8858,5.63012,21.3079
6.66409,23.9117,2.33178,10.2565

7.02932,21.856,5.66916,21.2887
6.71763,23.8407,2.35314,10.2525

7.04317,21.8288,5.63495,21.2985
6.73967,23.8369,2.33442,10.253

7.04748,21.8228,5.63244,21.2979
6.74508,23.8318,2.33339,10.2537

7.04148,21.8419,5.66464,21.2873
6.73212,23.8282,2.35104,10.2527

6.99502,21.8691,5.63488,21.304
6.68744,23.8864,2.33448,10.2556

6.98692,21.8774,5.63896,21.3033
6.67787,23.893,2.33684,10.2563

7.00463,21.8746,5.66467,21.2928
6.69186,23.8679,2.35065,10.2536

7.01783,21.8502,5.63323,21.303
6.71221,23.8632,2.33354,10.255

7.04424,21.8521,5.669,21.3012
6.72951,23.8112,2.35555,10.2677

7.13738,21.8756,5.96334,21.1823
6.76952,23.5553,2.53417,10.305

7.35762,21.8518,6.54084,20.892
6.89705,23.0568,2.88545,10.3247

7.58758,21.7969,7.11922,20.5834
7.02804,22.5354,3.25238,10.3482

7.92626,21.662,7.83558,20.1777
7.23586,21.844,3.72216,10.362

8.33152,21.4447,8.59579,19.7154
7.49015,21.0683,4.2432,10.3623

8.71782,21.1969,9.26267,19.2954
7.72253,20.3266,4.7332,10.3817

9.50654,20.5495,10.5471,18.2524
8.30135,19.1576,5.6345,10.0705

9.55551,20.5628,10.6235,18.3897
8.17837,18.7188,5.83046,10.4363

9.98698,20.1644,11.2851,17.8817
8.41187,17.9315,6.40329,10.4174

10.4443,19.7054,11.9161,17.3834
8.6411,17.0872,7.00584,10.4299

10.8814,19.2223,12.4775,16.9043
8.8536,16.2882,7.5859,10.4363

11.3349,18.6828,12.9713,16.4486
9.078,15.4884,8.14782,10.4498

11.8662,18.021,13.4761,15.9479
9.34425,14.5942,8.76951,10.4561

12.3785,17.3503,13.8963,15.4958
9.59799,13.7542,9.34477,10.4671

12.8994,16.6477,14.274,15.059
9.85704,12.9331,9.90471,10.4691

13.2541,16.1665,14.4832,14.798
10.0422,12.4069,10.2432,10.4717

13.4047,15.9438,14.5451,14.6911
10.1348,12.19,10.3667,10.4725

13.4363,15.9019,14.5631,14.6682
10.1525,12.1469,10.3945,10.4701

13.3166,16.0238,14.5402,14.6904
10.0643,12.2565,10.3681,10.4751

13.1685,16.1673,14.5351,14.6956
9.94244,12.3715,10.3694,10.4806

13.0437,16.2905,14.5381,14.697
9.83588,12.4653,10.3779,10.4849

12.9709,16.3628,14.5167,14.7151
9.78545,12.5348,10.3542,10.4895

13.0372,16.2967,14.5319,14.7016
9.83358,12.474,10.3707,10.4858

13.1561,16.179,14.5381,14.6935
9.93043,12.3787,10.3739,10.481

13.2697,16.0681,14.5355,14.6932
10.0277,12.2943,10.3652,10.4768

13.3665,15.9695,14.5506,14.6774
10.1012,12.2081,10.3822,10.4726

13.3589,15.9874,14.5534,14.6847
10.092,12.219,10.3797,10.4732

13.4274,16.1845,14.7261,14.793
10.0228,12.2283,10.435,10.478

13.6541,16.419,15.0644,14.9512
9.97103,12.1351,10.5748,10.483

14.0507,16.6585,15.4977,15.1859
9.99327,11.9801,10.7123,10.4783

13.3106,18.1979,14.6608,16.8905
9.11045,12.6777,9.89595,11.4799

13.7922,18.6456,14.8972,17.6342
9.09347,12.4933,9.83294,11.7443

14.87,18.6943,15.6109,18.0916
9.42088,11.9799,10.0332,11.7301

15.4611,19.3044,15.9413,19.0285
9.36504,11.8143,9.96217,12.0225

16.3091,19.8127,16.6402,19.7539
9.42781,11.5511,10.0823,12.1027

18.6887,19.0124,18.8672,19.1911
10.2929,10.4691,11.0849,11.3171

19.3401,20.0733,19.4419,20.4245
10.0753,10.4628,11.0021,11.6237

20.0916,21.185,20.0579,21.7618
9.9029,10.4523,10.8962,11.9126

20.8173,22.4756,20.3532,23.5839
9.6812,10.4694,10.5927,12.4207

21.3615,23.3623,20.4434,24.9789
9.56608,10.4809,10.3166,12.8004

21.653,23.9031,20.5306,25.7583
9.4871,10.4948,10.1844,12.9977

21.7934,23.9322,20.886,25.5801
9.51671,10.4717,10.3284,12.8472

21.8299,23.8659,21.277,25.1703
9.53538,10.4467,10.5433,12.6386

21.8518,23.8439,21.3845,25.0639
9.54596,10.438,10.5993,12.5808

21.7923,23.9043,21.0321,25.4102
9.51955,10.4639,10.4139,12.7667

21.7566,23.9645,20.7233,25.7346
9.50106,10.4865,10.2444,12.932

21.7533,23.9426,20.7636,25.6709
9.50368,10.4815,10.2724,12.9064

21.8034,23.9031,21.0987,25.3541
9.52349,10.4626,10.4456,12.7324

21.8316,23.8635,21.2997,25.1478
9.53567,10.4452,10.5559,12.6272

21.8104,23.8964,21.1352,25.3191
9.52594,10.459,10.4651,12.714

21.7043,23.8627,20.7764,25.5248
9.51368,10.481,10.3068,12.8625

21.4401,23.4285,20.4692,25.0877
9.58522,10.4921,10.2844,12.8022

21.0729,22.7014,20.4335,23.9746
9.71389,10.4788,10.4972,12.4741

20.666,21.8456,20.4816,22.5959
9.88411,10.4581,10.8009,12.0208

20.125,20.9569,20.2386,21.3326
10.0406,10.4624,10.999,11.6619

19.5949,20.0875,19.7789,20.3131
10.2103,10.4679,11.0688,11.4169

17.4358,20.8072,17.7938,20.7765
9.47879,11.3967,10.2251,12.0634

16.5813,20.227,16.9624,20.0973
9.44668,11.6251,10.0521,12.0401

16.0115,19.4585,16.5759,19.0775
9.55459,11.7178,10.1292,11.7625

15.0495,19.1427,15.914,18.4051
9.38292,12.0809,10.0169,11.6833

14.1646,18.7599,15.3375,17.6588
9.24265,12.4284,9.95074,11.5422

13.4454,18.3337,14.806,16.9948
9.15999,12.7114,9.87799,11.4146

13.9931,16.7312,15.4255,15.2513
9.98537,12.078,10.6169,10.4837

13.4925,16.451,14.907,14.9524
9.94196,12.2792,10.4591,10.4838

13.2715,16.2284,14.6302,14.7686
9.95739,12.3366,10.3876,10.4824

13.2305,16.1041,14.537,14.6909
9.9938,12.3212,10.3706,10.4784

13.273,16.0652,14.5456,14.6867
10.024,12.2844,10.3784,10.4773

13.2787,16.0587,14.5465,14.685
10.0288,12.2793,10.3794,10.4766

13.2473,16.0906,14.5416,14.6898
10.0053,12.3078,10.3736,10.4773

13.2205,16.1172,14.5458,14.6877
9.98034,12.3255,10.3799,10.4783

13.1877,16.1496,14.5405,14.6925
9.95537,12.3538,10.3748,10.48

13.1708,16.1662,14.5389,14.6939
9.94228,12.3681,10.3733,10.4804

13.1961,16.1412,14.5439,14.6899
9.96047,12.3449,10.3789,10.4797

13.2187,16.1187,14.5398,14.6918
9.98205,12.3305,10.3728,10.4787

13.2474,16.099,14.545,14.6946
10.003,12.3116,10.3723,10.477

13.1826,16.2242,14.4679,14.7989
9.99269,12.4649,10.2336,10.4728

12.9082,16.5915,14.2207,15.0548
9.89804,12.9302,9.86707,10.4686

12.5315,17.086,13.9251,15.3719
9.72856,13.5347,9.43826,10.4625

12.0924,17.642,13.5991,15.7157
9.50542,14.2193,8.98703,10.4522

11.484,18.343,13.1009,16.1817
9.18264,15.1439,8.38205,10.4554

10.9673,18.9364,12.6395,16.6062
8.90341,15.9775,7.84186,10.4413

10.4696,19.4846,12.1064,17.0689
8.63878,16.8262,7.26795,10.4311

9.95756,19.9934,11.4219,17.6077
8.38184,17.7528,6.60256,10.4268

9.56701,20.3686,10.7833,18.0952
8.19794,18.5416,6.01476,10.4097

9.49949,20.3806,10.5913,18.0633
8.32195,19.0425,5.72555,10.074

8.6976,21.0392,9.19763,19.182
7.75659,20.3032,4.7254,10.3788

8.25291,21.3322,8.38249,19.7085
7.49147,21.1908,4.12417,10.3575

7.75696,21.6103,7.45125,20.2846
7.16889,22.1637,3.4859,10.3455

7.26419,21.8301,6.45143,20.877
6.83113,23.1471,2.84585,10.34

6.98559,21.9258,5.87909,21.1863
6.63496,23.7324,2.49056,10.3061

6.89223,21.9506,5.65435,21.299
6.57469,23.974,2.34842,10.2669

6.91349,21.9128,5.59104,21.3235
6.60904,23.9823,2.31121,10.2615

7.03568,21.8438,5.67171,21.2797
6.72596,23.8299,2.35564,10.2525

7.11607,21.774,5.66029,21.2769
6.81491,23.7519,2.34884,10.2483

7.1027,21.7656,5.60924,21.2987
6.81008,23.7824,2.32054,10.251

7.08398,21.8042,5.6677,21.2782
6.77849,23.7822,2.35306,10.2502

6.98989,21.8753,5.65392,21.292
6.67965,23.8829,2.34582,10.2556

6.91963,21.9149,5.61301,21.313
6.61196,23.9678,2.32361,10.2607

6.95678,21.9082,5.66315,21.2936
6.64167,23.9144,2.35083,10.2571

7.01879,21.8538,5.65515,21.2901
6.71026,23.8542,2.34606,10.2535

7.06927,21.801,5.62127,21.301
6.77052,23.8122,2.32729,10.254

7.1636,21.895,5.82849,21.3171
6.8019,23.6216,2.44333,10.2972

7.42317,22.021,6.44163,21.1728
6.92137,23.1272,2.7895,10.3259

7.81466,22.1069,7.20447,20.9763
7.1277,22.4606,3.22683,10.3489

8.40186,22.0833,8.09082,20.7389
7.47198,21.5741,3.74623,10.3717

9.21055,21.8718,9.11291,20.4005
7.97011,20.4631,4.36244,10.3684

10.2299,21.4372,10.3118,19.8737
8.61092,19.1861,5.1063,10.2607

11.0588,21.188,11.1094,19.7865
9.00038,18.126,5.63127,10.4064

12.0017,20.7608,12.1512,19.4093
9.44324,16.9826,6.33266,10.4055

12.8897,20.3409,13.1136,19.0734
9.80164,15.9405,7.00636,10.4155

13.8489,19.8156,14.0998,18.7049
10.1499,14.8445,7.73724,10.4323

14.8521,19.1674,14.9552,18.3658
10.5434,13.8025,8.38895,10.4291

15.6804,18.535,15.4404,18.173
10.9309,13.0262,8.77226,10.4347

18.464,15.8578,18.3011,15.4656
12.8468,10.9368,10.5326,8.84779

18.6089,15.7109,18.3086,15.4627
12.9482,10.8225,10.5417,8.85169

18.4481,15.8715,18.3345,15.4223
12.8483,10.9593,10.5431,8.8133

15.7622,18.5508,15.6774,18.0929
10.8645,12.8901,8.9652,10.4442

15.3954,18.9079,15.5715,18.1845
10.6142,13.1797,8.88919,10.4809

15.4302,18.8782,15.6252,18.1439
10.6252,13.1405,8.93095,10.4673

15.6976,18.6103,15.6362,18.1239
10.8278,12.9468,8.93417,10.4552

18.3118,16.0075,18.3121,15.4459
12.7406,11.0545,10.5368,8.83211

18.5229,15.7968,18.2981,15.471
12.8849,10.8866,10.5361,8.85633

18.4901,15.8287,18.3293,15.4305
12.8743,10.9229,10.5443,8.82252

15.9726,18.3396,15.6649,18.0946
11.0307,12.7446,8.9496,10.4392

15.6343,18.6756,15.631,18.1327
10.7798,12.994,8.93078,10.4594

15.4484,18.8555,15.5957,18.1627
10.6486,13.1353,8.90743,10.4726

15.5782,18.7322,15.6352,18.1318
10.7357,13.033,8.93521,10.4601

15.8397,18.472,15.6315,18.126
10.9378,12.8491,8.92535,10.4517

18.3528,15.9653,18.2938,15.4677
12.7648,11.0172,10.5316,8.85046

18.4576,15.8614,18.3082,15.4554
12.8431,10.9407,10.5379,8.84235

18.3275,15.9895,18.3001,15.4582
12.7494,11.0384,10.5332,8.84302

15.8463,18.4676,15.6582,18.1058
10.9353,12.8378,8.94614,10.4448

15.5952,18.7108,15.614,18.1442
10.7557,13.0258,8.9187,10.4638

15.5691,18.7395,15.6237,18.1398
10.7323,13.0424,8.92648,10.4629

15.7261,18.5816,15.6326,18.1255
10.8511,12.9279,8.93034,10.4548

15.9625,18.3499,15.6473,18.1096
11.0276,12.757,8.93539,10.4441

18.3489,15.9688,18.2889,15.4728
12.7611,11.0189,10.5296,8.85443

18.2831,15.9997,18.2351,15.5121
12.6898,11.0218,10.5387,8.91364

16.1254,18.0122,16.0014,17.7046
11.0091,12.3582,9.36154,10.4352

15.9246,17.985,16.3471,17.2735
10.7134,12.1774,9.83524,10.438

15.4539,18.1388,16.6596,16.8089
10.2206,12.1126,10.365,10.4658

16.1601,17.04,18.1551,15.0837
10.5134,11.1475,11.8019,9.70115

16.4582,16.2911,19.0833,13.8548
10.5332,10.4612,12.95,9.21964

16.6708,15.5175,19.7343,12.8044
10.4814,9.76386,14.052,8.86679

16.982,14.5772,20.2227,11.8453
10.4958,8.9793,15.1369,8.55208

17.1474,13.702,20.4949,11.0167
10.4306,8.2735,16.1531,8.30677

17.4295,12.6902,20.776,10.1407
10.4451,7.50606,17.2408,7.97201

17.6845,11.9026,21.1139,9.33325
10.4952,6.93698,18.1925,7.53928

17.6083,11.715,21.3316,8.85161
10.4127,6.79929,18.7225,7.22951

17.6769,11.5743,21.5333,8.56223
10.4355,6.70035,19.0209,7.00722

17.6366,11.631,21.4803,8.63192
10.4228,6.74342,18.9389,7.05887

17.5916,11.6658,21.1851,8.95571
10.4059,6.76974,18.6427,7.3457

17.6421,11.5701,20.8792,9.26946
10.4301,6.70197,18.3867,7.64525

17.5919,11.6259,20.675,9.49861
10.413,6.74426,18.1646,7.84214

17.6156,11.6062,20.7553,9.41168
10.428,6.73286,18.2399,7.7632

17.725,11.4956,21.0647,9.06836
10.4811,6.65672,18.5622,7.46403

17.7483,11.5172,21.3763,8.74999
10.5015,6.67709,18.8226,7.16281

17.6278,11.6345,21.4165,8.69966
10.4188,6.74607,18.8789,7.12023

17.6395,11.6069,21.3462,8.76851
10.4214,6.72499,18.8289,7.18868

17.817,11.6251,21.2854,9.04253
10.5036,6.7158,18.5785,7.36613

17.9355,11.9042,21.1936,9.56359
10.4919,6.82952,18.1503,7.69226

18.0809,12.3337,21.1899,10.1601
10.4657,7.01226,17.6761,8.00996

18.3866,12.7882,21.3878,10.7215
10.4957,7.17831,17.2679,8.22213

18.6801,13.3425,21.6312,11.3235
10.4883,7.37786,16.8711,8.42683

19.0203,13.9751,21.8786,12.0418
10.4882,7.60108,16.4121,8.66262

19.4105,14.7071,22.0209,13.0271
10.4755,7.83978,15.816,9.03273

19.8096,15.4909,22.0312,14.2066
10.4557,8.08574,15.1319,9.49063

20.2728,16.3916,21.9863,15.6145
10.4345,8.35289,14.371,10.0056

20.8006,17.2938,22.0329,16.987
10.4252,8.58875,13.7161,10.4339

21.4229,18.2605,22.2167,18.3677
10.4315,8.81739,13.1402,10.775

22.1278,19.2775,22.5195,19.7511
10.4525,9.03588,12.6366,11.0391

20.3673,22.8612,20.6755,23.3684
9.27203,10.4499,10.9473,12.4947

21.1328,23.4661,20.6442,24.7242
9.40487,10.4733,10.5157,12.7702

21.6009,23.886,20.4407,25.7812
9.47233,10.4965,10.1581,13.0371

21.7212,24.0131,20.4964,25.971
9.48015,10.5019,10.1243,13.0576

21.7789,23.9296,20.9764,25.4785
9.50908,10.4702,10.3832,12.8015

21.8779,23.819,21.5153,24.9379
9.5558,10.4253,10.6688,12.5141

21.8527,23.8392,21.407,25.0406
9.54411,10.4336,10.6143,12.5721

21.7742,23.9249,20.8471,25.5943
9.51021,10.4707,10.3169,12.8662

21.7204,23.99,20.5276,25.9176
9.48363,10.4958,10.1472,13.0374

21.7636,23.9396,20.7805,25.6624
9.50595,10.4776,10.2801,12.9004

21.8143,23.8697,21.2616,25.175
9.52898,10.4492,10.5396,12.6462

21.8532,23.8356,21.4133,25.0302
9.54625,10.434,10.6174,12.5663

21.7926,23.8671,21.0589,25.3427
9.53243,10.461,10.4334,12.7372

21.6633,23.4601,20.5545,25.2219
9.68035,10.4955,10.2333,12.7549

21.5471,22.6787,20.4726,24.2872
9.96999,10.4925,10.3067,12.3948

21.4116,21.6816,20.685,22.8005
10.358,10.4725,10.5724,11.7611

21.2052,20.5425,20.8989,21.0725
10.8241,10.454,10.876,11.0099

20.895,19.4936,20.7188,19.7304
11.2655,10.4619,10.9758,10.4607

19.8094,19.0755,19.5552,19.2134
11.3522,10.8971,10.5378,10.3769

19.5698,17.8761,19.2102,17.9656
11.9221,10.8264,10.5504,9.8651

19.1423,16.9126,18.8537,16.7882
12.3837,10.8598,10.5517,9.36882

18.6125,16.4376,18.5539,15.9883
12.5653,11.0192,10.5411,9.0384

15.9319,18.5512,15.7495,18.1886
10.9294,12.8189,8.96395,10.4518

15.6148,18.6902,15.5894,18.1633
10.7768,13.0177,8.89919,10.4703

15.6737,18.6378,15.662,18.1076
10.8006,12.9565,8.9555,10.4514

15.7886,18.5243,15.6268,18.1332
10.8988,12.8867,8.92281,10.4557

18.2279,16.093,18.2809,15.4818
12.6706,11.1106,10.5246,8.85821

18.3587,15.9685,18.2855,15.4876
12.7616,11.0127,10.5268,8.8629

18.3491,15.973,18.3167,15.4456
12.7654,11.0263,10.5398,8.83248

15.9707,18.3493,15.6806,18.0897
11.0218,12.7434,8.96077,10.438

15.7511,18.5628,15.6294,18.1336
10.8686,12.9125,8.92587,10.457

15.6749,18.6397,15.6354,18.1323
10.8079,12.9648,8.93261,10.4587

15.7415,18.5698,15.6458,18.1184
10.8569,12.9127,8.94087,10.4535

15.7818,18.2674,15.5772,17.9418
10.9514,12.7638,8.99258,10.4562

15.7949,17.676,15.5647,17.443
11.0616,12.4399,9.23164,10.4309

15.4733,17.2526,15.41,16.9212
10.9827,12.3072,9.43812,10.436

14.8819,16.9829,15.2183,16.3344
10.7149,12.3146,9.68537,10.4491

14.0971,16.7877,15.0063,15.6654
10.3026,12.3999,9.99775,10.4637

13.3068,16.7855,14.7667,15.1811
9.85958,12.625,10.194,10.4854

12.7395,16.851,14.604,14.8862
9.52056,12.8291,10.3126,10.5018

12.5456,16.8056,14.5316,14.7378
9.41943,12.8674,10.3733,10.5039

12.6916,16.6377,14.5022,14.7336
9.55821,12.7578,10.3472,10.5008

13.0916,16.2409,14.5234,14.7043
9.88386,12.436,10.3596,10.4845

13.5485,15.7912,14.5678,14.6628
10.2439,12.0572,10.3962,10.4668

13.7828,15.5587,14.5635,14.6591
10.4459,11.8811,10.3801,10.4568

13.7485,15.5931,14.5694,14.656
10.4134,11.904,10.3888,10.4578

13.4599,15.8777,14.561,14.668
10.1746,12.1306,10.3906,10.4682

13.0387,16.295,14.5196,14.7101
9.84126,12.4805,10.3556,10.4866

12.7195,16.6122,14.5159,14.724
9.5753,12.73,10.3611,10.4977

12.638,16.6932,14.515,14.7282
9.50721,12.7932,10.3625,10.5011

12.7948,16.5378,14.5097,14.7263
9.64116,12.6756,10.3512,10.496

13.1645,16.1728,14.5407,14.6932
9.93575,12.3718,10.3757,10.4807

13.5049,15.8352,14.5574,14.6713
10.2139,12.0992,10.3835,10.4674

13.6902,15.6526,14.5615,14.6644
10.3686,11.9552,10.3801,10.4601

13.6379,15.704,14.5672,14.6616
10.3208,11.9911,10.3899,10.4622

13.3718,15.9663,14.5481,14.6807
10.1071,12.2075,10.3773,10.4722

13.0275,16.3091,14.526,14.7083
9.8283,12.4872,10.3621,10.4864

12.7979,16.5354,14.5239,14.7164
9.63692,12.665,10.3677,10.4943

12.7508,16.5823,14.5141,14.7256
9.6019,12.7072,10.3575,10.4974

12.9238,16.411,14.5226,14.7136
9.74283,12.5685,10.3621,10.4906

13.2155,16.122,14.5448,14.6879
9.97752,12.331,10.3782,10.4773

13.4768,15.8635,14.5525,14.6757
10.1933,12.1248,10.3778,10.4681

13.5956,15.746,14.5609,14.6671
10.2886,12.0278,10.3837,10.4639

13.5189,15.8219,14.559,14.6705
10.2247,12.0877,10.3846,10.467

13.3558,16.0772,14.6265,14.7091
10.0387,12.231,10.4195,10.4748

13.4414,16.2483,14.9135,14.7393
9.90377,12.1225,10.6396,10.4982

11.9951,18.0323,13.3645,16.7404
8.54117,13.1398,9.47864,12.0044

12.8367,17.671,13.549,17.0979
8.89489,12.4489,9.57624,12.244

15.4911,15.5634,14.7946,16.4983
10.438,10.4618,10.4692,11.795

15.3965,16.2831,13.1295,18.861
9.95511,10.4987,9.16722,13.543

15.3692,17.0364,11.4937,21.2336
9.51986,10.5217,7.87502,15.2474

15.4675,17.4588,10.4391,22.7915
9.2947,10.4557,7.05241,16.3612

15.3998,17.8395,10,23.5259
9.11196,10.5305,6.69217,16.8293

15.4125,17.8493,10.4691,23.1306
9.09792,10.5184,7.03012,16.5176

15.4713,17.7286,11.5099,22.116
9.14707,10.4729,7.79438,15.7497

15.516,17.6403,12.4928,21.1628
9.17536,10.4331,8.52204,15.0335

15.4714,17.6746,12.8235,20.8482
9.13915,10.4506,8.77179,14.8025

15.5151,17.6432,12.4423,21.2116
9.17511,10.4345,8.48442,15.07

15.4576,17.7412,11.4219,22.1971
9.13786,10.4787,7.73187,15.8155

15.4198,17.8402,10.5076,23.0924
9.1051,10.5163,7.05707,16.4855

15.4263,17.8674,10.1975,23.4035
9.10704,10.526,6.82425,16.7067

15.426,17.8209,10.6785,22.9241
9.11138,10.5096,7.1831,16.3599

15.4706,17.7152,11.6246,21.9967
9.14894,10.4689,7.88146,15.6647

15.4975,17.5379,12.4581,21.0537
9.23583,10.45,8.50842,14.9698

15.567,17.2406,12.9216,20.3339
9.44164,10.4487,8.85171,14.422

15.5905,16.9198,12.9333,19.9568
9.67078,10.4749,8.86974,14.1486

15.5729,16.5818,12.8014,19.6542
9.9083,10.5156,8.79204,13.948

15.6229,16.105,13.0173,18.9328
10.2526,10.5184,8.96755,13.4254

15.6413,15.6097,13.7345,17.6816
10.5873,10.5112,9.53588,12.5297

15.687,15.051,14.9558,15.8825
10.9653,10.4714,10.4968,11.2305

12.704,17.4804,13.4273,16.7802
9.0894,12.7208,9.42685,11.927

12.992,16.7718,14.8912,14.831
9.55041,12.5404,10.5695,10.5037

12.0086,17.4604,14.6108,14.8076
8.92811,13.3158,10.4057,10.5144

11.8564,17.4832,14.5014,14.7762
8.87288,13.435,10.345,10.5111

12.3912,16.9405,14.5191,14.7319
9.30697,12.9948,10.3651,10.4972

13.3069,16.0331,14.5594,14.677
10.0453,12.251,10.3929,10.4748

14.0955,15.2559,14.5848,14.6444
10.6963,11.6304,10.3903,10.4471

14.45,14.9102,14.598,14.6399
10.9775,11.3412,10.3967,10.4486

14.1962,15.1551,14.5944,14.6377
10.7708,11.5405,10.4029,10.4498

13.4695,15.8726,14.5502,14.6793
10.1879,12.1327,10.3744,10.469

12.6504,16.6817,14.5165,14.7271
9.51703,12.7835,10.3633,10.5001

12.0707,17.2609,14.4938,14.7712
9.04279,13.2479,10.3499,10.5234

12.0418,17.2889,14.5041,14.7579
9.02486,13.2795,10.3525,10.5072

12.5736,16.8314,14.5555,14.7678
9.42303,12.8623,10.3718,10.5069

13.5551,16.1466,14.8007,14.814
10.0782,12.1418,10.4697,10.4743

14.6107,15.5461,15.1611,14.9261
10.69,11.4162,10.6093,10.4486

15.4061,15.3628,15.6063,15.1274
11.001,10.9641,10.7622,10.4367

14.4142,17.0549,14.7928,16.6884
9.9445,11.8639,9.993,11.3626

13.9427,18.3275,14.9136,17.4321
9.27012,12.3637,9.88111,11.6491

14.6836,18.5552,16.2677,17.1028
9.40576,12.0462,10.573,11.1391

15.167,19.1052,16.9295,17.5332
9.34365,11.9259,10.7489,11.1456

16.066,19.3314,17.3722,18.2699
9.52015,11.5678,10.7431,11.3329

16.5261,20.1797,16.9049,20.1026
9.3671,11.5386,10.1058,12.1525

18.7809,19.3256,18.1402,20.333
10.219,10.5068,10.5233,11.9149

19.3842,20.3263,18.4771,21.6768
10.0271,10.5118,10.3384,12.2867

20.0544,21.2936,19.6275,22.2599
9.86704,10.4862,10.6286,12.1821

20.8703,22.2278,21.0396,22.6967
9.76583,10.4179,11.0134,11.9669

21.4508,23.0808,21.582,23.6624
9.65081,10.4049,10.9753,12.1329

21.6759,23.7321,20.9615,25.1822
9.53599,10.4618,10.4419,12.7243

21.6947,24.0683,20.1648,26.3198
9.46485,10.5212,9.94253,13.2355

21.7029,24.038,20.2626,26.2012
9.47503,10.515,9.99774,13.1763

21.8301,23.8653,21.2243,25.2205
9.537,10.4476,10.5147,12.6647

21.9512,23.7519,21.9531,24.5117
9.58794,10.3963,10.897,12.2827

21.8773,23.8033,21.5595,24.8771
9.55997,10.4233,10.6954,12.4853

21.7488,23.9771,20.5972,25.8609
9.49845,10.4924,10.1761,12.9971

21.6904,24.0541,20.1628,26.3025
9.46763,10.52,9.9452,13.2312

21.7702,23.9356,20.7559,25.6858
9.51242,10.4793,10.2636,12.9087

21.8781,23.8133,21.6063,24.8437
9.55586,10.4234,10.7189,12.4658

21.9139,23.7747,21.7656,24.6827
9.57389,10.4087,10.8023,12.3791

21.7918,23.9161,21.0149,25.438
9.5176,10.4671,10.4017,12.7776

21.7098,24.0287,20.3262,26.1367
9.479,10.5122,10.0311,13.1418

21.7159,24.0056,20.4567,25.9944
9.48342,10.5043,10.1046,13.0716

21.8272,23.8542,21.2197,25.2098
9.53987,10.4471,10.5149,12.6621

21.8741,23.8061,21.6527,24.7853
9.55805,10.4249,10.7449,12.4361

21.8538,23.837,21.3642,25.0779
9.5491,10.4371,10.589,12.5888

21.7477,23.9626,20.6289,25.8151
9.50033,10.4887,10.197,12.978

21.7211,23.9932,20.4002,26.0401
9.48956,10.5025,10.0751,13.0969

21.774,23.9218,20.8881,25.5489
9.51328,10.4729,10.3375,12.8403

21.865,23.8381,21.4902,24.967
9.55087,10.435,10.6525,12.5257

21.864,23.8382,21.4866,24.9696
9.55065,10.4352,10.6508,12.5273

21.7751,23.9272,20.913,25.5306
9.51311,10.4749,10.3483,12.8276

21.7218,23.9951,20.4755,25.972
9.48633,10.4999,10.116,13.0617

21.6526,23.8571,20.5593,25.6821
9.49884,10.4868,10.2093,12.9691

21.261,23.253,20.5245,24.7261
9.51865,10.431,10.4461,12.7682

20.6021,22.534,19.7066,24.1495
9.50033,10.4101,10.3585,12.8951

19.6621,21.7537,17.8931,24.1948
9.42264,10.4401,9.77805,13.5232

18.6927,21.0006,15.7799,24.5094
9.32471,10.4849,8.96703,14.3874

17.7461,20.1404,14.0222,24.3815
9.25591,10.5065,8.32316,15.0784

16.8599,19.2439,12.8051,23.7654
9.2039,10.5019,7.96748,15.4907

16.1651,18.4838,12.141,22.9551
9.17358,10.4832,7.87611,15.6311

15.7101,17.9902,11.8157,22.3274
9.15071,10.4724,7.88857,15.6523

15.4976,17.7584,11.6298,22.0625
9.14344,10.4702,7.86867,15.6817

15.4706,17.7327,11.5023,22.1268
9.14492,10.4734,7.78845,15.7572

15.4611,17.7483,11.3855,22.2407
9.13772,10.4799,7.70269,15.8437

15.4571,17.7561,11.3322,22.2934
9.13477,10.4834,7.66313,15.8827

15.4663,17.7454,11.3935,22.2349
9.14136,10.4786,7.70729,15.8368

15.4675,17.7406,11.4915,22.1422
9.14051,10.4753,7.78008,15.7681

15.4746,17.7263,11.5924,22.0418
9.1468,10.47,7.85457,15.6926

15.4731,17.7267,11.6034,22.0309
9.14534,10.4698,7.86328,15.6856

15.4701,17.7373,11.5305,22.1056
9.14207,10.4738,7.80848,15.7397

15.4672,17.7444,11.4415,22.191
9.14091,10.4775,7.74243,15.8031

15.4872,17.756,11.3936,22.2573
9.16067,10.492,7.69155,15.8198

15.7182,17.6323,11.602,22.1069
9.38393,10.5028,7.75502,15.5222

16.1036,17.3983,12.1359,21.6585
9.75835,10.5,7.99612,14.9096

16.4959,17.1632,12.949,20.9348
10.1615,10.5154,8.40249,14.0846

16.9954,16.8159,14.0806,19.8644
10.6874,10.5014,8.97467,13.0006

17.4797,16.4758,15.2977,18.6819
11.2199,10.4905,9.56893,11.8846

18.5038,15.5758,17.1355,16.8342
12.1679,10.1187,10.5102,10.3673

18.3081,15.8814,17.5763,16.3271
12.3065,10.5751,10.5151,9.76737

18.1714,16.0959,17.9574,15.8777
12.4322,10.9326,10.5252,9.27401

15.8808,18.4163,15.73,18.0496
10.9154,12.7475,9.03633,10.4648

15.5554,18.7461,15.5991,18.1546
10.729,13.0551,8.91002,10.4699

15.5277,18.7771,15.6194,18.142
10.7014,13.07,8.92627,10.4664

15.7133,18.5942,15.6478,18.1144
10.8355,12.9304,8.94457,10.4535

15.9547,18.3561,15.6379,18.1166
11.0238,12.7637,8.92898,10.4474

18.3871,15.9313,18.2823,15.4839
12.7839,10.986,10.5293,8.86479

18.4028,15.9129,18.311,15.4477
12.8049,10.9812,10.5402,8.8378

15.9931,18.3171,15.6632,18.0943
11.046,12.7279,8.94963,10.4406

15.6818,18.6243,15.6334,18.1257
10.8159,12.9569,8.9337,10.4575

15.5826,18.7203,15.6178,18.1397
10.7443,13.0304,8.92447,10.4649

15.6826,18.6243,15.6435,18.1186
10.813,12.9529,8.94219,10.456

15.8536,18.4442,15.6146,18.119
10.9683,12.852,8.90627,10.4374

15.7864,18.4388,15.3812,18.2132
11.0482,12.9972,8.70072,10.4179

15.3355,18.7478,14.9377,18.4138
10.9213,13.4864,8.33981,10.4166

14.5467,19.3343,14.425,18.6225
10.5564,14.2595,7.94015,10.4079

13.5051,20.1084,13.7591,18.9152
10.0131,15.2881,7.44236,10.4205

12.4829,20.8185,13.055,19.2094
9.46353,16.344,6.93048,10.426

11.6115,21.3146,12.2755,19.5055
9.03015,17.3253,6.38389,10.4246

10.9665,21.5389,11.4553,19.7768
8.77582,18.1541,5.82724,10.4068

10.5149,21.5303,10.7124,19.9142
8.67965,18.8311,5.33522,10.3181

9.90868,21.6343,9.70831,20.2821
8.42704,19.6752,4.70449,10.3573

9.22849,21.7569,8.74123,20.5742
8.08258,20.6183,4.11467,10.3484

8.40547,21.9355,7.73959,20.8518
7.5699,21.7299,3.52551,10.3386

7.57918,22.0909,6.72675,21.1422
6.99938,22.8811,2.94593,10.3376

6.9605,22.1827,5.96959,21.3518
6.53949,23.7751,2.52065,10.3288

6.71874,22.1593,5.70785,21.3415
6.36676,24.1395,2.3749,10.2828

6.75947,22.0551,5.6082,21.3412
6.43762,24.1374,2.32001,10.269

6.99437,21.8713,5.63909,21.3025
6.68591,23.8853,2.3369,10.2559

7.24038,21.6892,5.68612,21.2622
6.94253,23.6182,2.36187,10.2414

7.26647,21.6384,5.62276,21.2801
6.98447,23.6096,2.3273,10.2427

7.14714,21.7474,5.64459,21.2851
6.85019,23.7265,2.33949,10.2478

6.95492,21.9216,5.68061,21.2915
6.63528,23.9133,2.3597,10.2557

6.7706,22.0496,5.62247,21.3324
6.44757,24.1209,2.32804,10.2674

6.78565,22.0434,5.64007,21.3231
6.4608,24.0995,2.33782,10.2658

6.95653,21.9166,5.67534,21.2917
6.63845,23.9133,2.35688,10.2554

7.12664,21.7552,5.63115,21.2885
6.83163,23.7512,2.33245,10.2487

7.25038,21.7181,5.72373,21.2807
6.93523,23.5673,2.38765,10.2738

7.3691,21.825,6.22012,21.1059
6.95295,23.2329,2.67703,10.3011

7.42251,22.0412,6.91257,20.8373
6.86306,22.8896,3.08929,10.322

7.38677,22.3537,7.6694,20.5478
6.66408,22.5842,3.5576,10.3582

7.48377,22.5793,8.5752,20.1485
6.57369,22.0868,4.13568,10.3678

7.72213,22.6659,9.50502,19.7072
6.60539,21.4197,4.76157,10.3774

8.06489,22.6128,10.3421,19.2931
6.73416,20.6764,5.35907,10.3944

8.53776,22.417,11.2468,18.7975
6.95094,19.7867,6.03762,10.3887

9.32475,21.8688,12.5868,17.8089
7.41748,18.6271,7.02327,10.0961

9.50057,21.837,13.1881,17.5181
7.34962,18.0167,7.59404,10.2036

9.4375,21.9841,13.5825,17.398
7.08256,17.5757,8.07474,10.431

9.5466,21.9106,14.2644,16.9268
6.96122,16.9777,8.7782,10.4468

9.72677,21.7259,14.8925,16.4556
6.90038,16.3285,9.4812,10.4539

10.0127,21.3774,15.4464,15.9882
6.92359,15.596,10.1785,10.4659

15.3313,16.1192,20.6693,10.6261
10.5515,11.2474,14.3269,7.03809

15.7105,15.5443,20.735,10.5339
10.5495,10.5334,14.8706,7.21048

16.1252,14.8657,20.8107,10.3666
10.5644,9.77929,15.4766,7.34374

16.345,14.3474,20.8108,10.2377
10.4515,9.17905,16.0356,7.49778

16.7289,13.6081,20.9938,9.85133
10.4507,8.46362,16.7965,7.45318

17.1525,12.7614,21.1814,9.39328
10.4656,7.70578,17.6424,7.35015

17.488,12.0641,21.2737,9.06156
10.476,7.11329,18.2934,7.28131

17.556,11.7685,21.198,8.98642
10.4174,6.85688,18.5535,7.33622

17.6159,11.6175,21.1141,9.02039
10.4113,6.73233,18.6047,7.41564

17.6007,11.6266,21.0145,9.12582
10.4074,6.74075,18.506,7.50989

17.5691,11.6747,20.9509,9.20886
10.3956,6.7755,18.4185,7.57434

17.7291,11.4956,21.0557,9.08093
10.4874,6.65909,18.545,7.4725

17.5915,11.6435,21.0386,9.10357
10.4048,6.75369,18.5195,7.48598

17.5827,11.6616,21.1065,9.03185
10.4036,6.76856,18.5746,7.41724

17.6154,11.6165,21.1578,8.9673
10.4141,6.73428,18.6475,7.36812

17.5897,11.653,21.1205,9.01587
10.4055,6.76171,18.5923,7.40447

17.7619,11.477,21.1657,8.96633
10.5135,6.65219,18.6344,7.36385

17.6009,11.622,20.999,9.13913
10.4082,6.73821,18.4944,7.52326

17.5662,11.6595,20.949,9.18898
10.4046,6.77332,18.4256,7.56053

17.547,11.6633,20.8673,9.25056
10.4267,6.798,18.3286,7.61064

17.5668,11.6173,20.5702,9.53446
10.5017,6.80786,18.0004,7.85408

17.4051,11.7193,19.7167,10.3862
10.4915,6.92567,17.1409,8.60595

17.1761,11.8334,18.2441,11.828
10.4591,7.0602,15.7322,9.91247

11.9082,17.0118,12.9885,17.015
7.18203,10.4614,10.93,14.5905

11.8949,16.9965,11.2072,18.6291
7.24261,10.5205,9.3007,16.1002

11.941,16.9541,9.88343,19.8285
7.29786,10.5062,8.11242,17.2475

11.9737,16.9206,9.39773,20.2556
7.33328,10.4958,7.67845,17.6564

11.9089,16.9507,9.82349,19.8395
7.30007,10.5362,8.06328,17.2645

11.9843,16.805,10.9743,18.7208
7.35728,10.4706,9.10979,16.2263

12.0667,16.6963,12.1878,17.5614
7.4071,10.4138,10.2112,15.1319

11.9972,16.7543,12.8148,16.9633
7.34759,10.4441,10.794,14.5784

12.0141,16.7351,12.69,17.08
7.35995,10.4309,10.6813,14.6918

12.0577,16.7095,11.8468,17.8845
7.40636,10.4237,9.8994,15.4346

11.9627,16.8436,10.6498,19.0352
7.34296,10.4903,8.81345,16.5173

11.9603,16.8962,9.79424,19.8645
7.3295,10.4937,8.0406,17.3002

11.9457,16.9257,9.65238,20.005
7.32064,10.5116,7.90916,17.4226

11.9621,16.8837,10.3148,19.3775
7.33933,10.5063,8.5,16.8184

12.2412,16.7624,11.5584,18.3402
7.54353,10.474,9.50467,15.6418

12.8838,16.5202,13.015,17.2371
8.03435,10.421,10.5031,14.2056

13.4901,16.3952,13.9144,16.7202
8.4995,10.4242,10.9297,13.3107

14.1774,16.274,14.184,16.8692
9.05111,10.4459,10.7322,12.9347

14.9306,16.1301,13.9978,17.4797
9.69306,10.4788,10.1245,12.8676

15.6476,16.0444,13.7214,18.2091
10.2934,10.5148,9.48481,12.871

16.5196,15.8309,14.1289,18.2817
11.03,10.4858,9.32599,12.3222

18.3907,14.5377,16.5866,16.2546
12.5167,9.73255,10.5373,10.3774

17.7962,15.7097,17.2938,15.9203
12.213,10.6941,10.5517,9.70512

15.0574,18.896,15.7288,17.7882
10.3258,13.127,9.21441,10.4968

14.205,20.0086,15.5454,18.186
9.72139,13.983,8.92954,10.53

14.3898,19.918,15.53,18.2691
9.85627,13.9134,8.87007,10.5243

15.4841,18.8159,15.6099,18.1472
10.6715,13.1018,8.92111,10.4696

18.9842,15.3385,18.371,15.4091
13.2283,10.5485,10.5707,8.81653

19.5589,14.7719,18.3061,15.492
13.6694,10.1364,10.5053,8.85285

19.2604,15.0636,18.3153,15.472
13.4392,10.3473,10.527,8.85054

18.2391,16.0762,18.2802,15.4774
12.6806,11.0997,10.5262,8.85749

14.8298,19.4685,15.5544,18.219
10.1863,13.5858,8.88789,10.504

14.3782,19.9284,15.5467,18.2559
9.84216,13.9136,8.88569,10.5226

14.7959,19.5024,15.5537,18.221
10.1608,13.6104,8.88771,10.505

15.9252,18.3846,15.6553,18.1026
10.9963,12.7788,8.94457,10.4443

19.1059,15.3034,18.2925,15.5979
13.2445,10.4608,10.5244,8.93421

19.4305,15.1925,18.1963,16.0108
13.2098,10.1642,10.5376,9.25237

18.8944,16.0015,18.0341,16.5804
12.4391,10.4209,10.58,9.724

17.6942,17.522,17.7371,17.3493
11.2129,11.0898,10.5385,10.3227

14.6156,20.9038,15.5295,20.0918
8.79722,12.809,9.32376,12.234

15.2141,20.6407,16.2775,19.8895
8.79066,12.1065,9.95936,12.3075

17.4275,18.6959,17.5582,19.0877
9.71876,10.4484,10.9756,12.0213

16.6899,19.6934,15.913,21.219
8.85796,10.5091,10.0738,13.7231

15.9781,20.6382,14.8987,22.6813
8.07334,10.5307,9.55229,15.0077

15.1681,21.5283,14.7572,23.1892
7.28524,10.5053,9.66001,15.7135

14.3684,22.3434,15.3121,23.0117
6.54626,10.4154,10.2732,15.9291

13.4013,23.2517,15.5857,23.0565
5.7813,10.3547,10.7068,16.3213

12.4973,24.0221,15.1974,23.6633
5.10268,10.2157,10.6482,17.1975

11.0239,25.3425,13.8636,25.0542
4.26944,10.4031,9.79853,18.6929

10.2479,26.064,12.981,25.9664
3.83776,10.4696,9.18847,19.6682

10.0123,26.2602,13.0168,25.9738
3.70334,10.4626,9.24652,19.7516

10.3297,25.9281,13.9,25.1707
3.84656,10.3496,9.93573,19.0321

10.4011,25.823,14.4926,24.6248
3.87417,10.3031,10.4157,18.571

10.3175,25.8971,14.2514,24.8342
3.83839,10.3312,10.2297,18.7648

10.2801,26.0125,13.5417,25.5133
3.82496,10.3809,9.64376,19.3143

10.0244,26.2478,12.9999,25.9855
3.70946,10.46,9.23287,19.7616

10.2146,26.0655,13.4097,25.6214
3.7964,10.3999,9.54597,19.4218

10.3258,25.9132,14.1207,24.9672
3.84263,10.3389,10.1172,18.8653

10.3456,25.8669,14.3974,24.7037
3.84971,10.3182,10.3459,18.6502

10.3457,25.911,13.9809,25.1
3.85252,10.341,9.99984,18.9706

9.84586,26.4413,13.0923,25.902
3.65258,10.5814,9.29442,19.6356

10.6858,25.8557,13.2773,25.828
4.05897,10.4686,9.32058,19.3159

11.5312,25.2042,14.1929,25.0033
4.52145,10.4191,9.89403,18.3295

12.4504,24.5165,15.3552,23.9496
5.04258,10.3621,10.6089,17.1504

13.5926,23.6647,16.1746,23.1927
5.71537,10.277,10.9858,16.1858

14.1158,23.3094,16.0681,23.2089
6.14006,10.4229,10.7073,15.8937

14.9119,22.7101,15.9841,23.2117
6.73197,10.4741,10.4124,15.5455

15.6691,22.0462,16.3544,22.6943
7.34702,10.5062,10.4546,14.8561

16.4879,21.2237,17.4719,21.3558
8.04536,10.4783,11.0028,13.6376

20.4762,17.2096,21.3747,17.1751
10.4701,8.72219,13.3525,10.6192

19.8308,17.7435,21.5669,16.6191
10.5126,9.36385,13.2316,10.0559

19.0912,18.325,21.0486,16.7563
10.4981,10.0713,12.6474,9.94716

18.3679,18.8116,20.1142,17.2565
10.4753,10.7561,11.8468,10.0859

17.5973,19.2877,19.1447,17.7149
10.4451,11.5172,11.0307,10.1709

16.2152,20.3236,17.9006,18.4299
9.96951,12.6653,10.1075,10.4216

14.7595,21.3402,16.9491,18.7692
9.41554,13.93,9.3829,10.4356

13.315,22.3097,15.9901,19.1141
8.79097,15.2366,8.68045,10.456

12.1963,22.9081,15.0545,19.3983
8.33783,16.3556,8.01832,10.4523

11.4594,23.0493,14.0062,19.6827
8.15999,17.2605,7.30317,10.4404

11.1426,22.7712,13.1171,19.7904
8.26869,17.83,6.71046,10.3548

10.7284,22.555,12.0147,20.0749
8.29835,18.4903,6.01466,10.3607

10.0954,22.4619,10.8181,20.3717
8.14581,19.3677,5.28337,10.3671

9.30073,22.5108,9.72339,20.5986
7.78785,20.3934,4.6322,10.3506

8.35013,22.6352,8.53901,20.873
7.2427,21.6147,3.94929,10.3574

7.47841,22.615,7.29784,21.1395
6.72479,22.8333,3.25003,10.3559

6.96489,22.4246,6.2942,21.3455
6.45256,23.6697,2.6945,10.3473

6.88457,22.0984,5.7748,21.3531
6.51737,23.9411,2.41073,10.2948

7.05102,21.8195,5.6306,21.2984
6.74924,23.8293,2.33223,10.2532

7.22861,21.6747,5.62706,21.286
6.94135,23.6464,2.32984,10.2464

7.29034,21.642,5.67401,21.2614
6.99925,23.5689,2.3554,10.2405

7.13814,21.7519,5.63596,21.2899
6.84193,23.7383,2.33478,10.249

6.92853,21.9229,5.63224,21.3122
6.61598,23.9543,2.33345,10.2603

6.81054,22.0351,5.66846,21.3105
6.48215,24.0643,2.35349,10.264

6.8189,22.0125,5.63521,21.3205
6.4977,24.0652,2.33552,10.2655

6.97432,21.8853,5.64041,21.3012
6.66475,23.9042,2.33808,10.257

7.1634,21.743,5.67226,21.2712
6.86285,23.6996,2.35512,10.2464

7.20831,21.6874,5.63733,21.276
6.91952,23.6621,2.33636,10.246

7.15114,21.8145,5.67307,21.3351
6.83186,23.7194,2.3512,10.2616

7.15767,22.2287,5.97131,21.5245
6.69921,23.6682,2.4905,10.3061

7.41272,22.6944,6.50529,21.7567
6.74224,23.3447,2.73791,10.3391

8.05955,23.0342,7.16852,22.0548
7.10412,22.6675,3.03117,10.3612

9.11812,23.1578,8.02314,22.3118
7.77292,21.6389,3.40466,10.3475

10.3891,23.2325,9.00029,22.6179
8.51899,20.5012,3.815,10.3288

11.6444,23.4867,10.0387,23.0681
9.11422,19.4999,4.22088,10.329

12.7105,24.0092,11.1827,23.5585
9.43568,18.7344,4.65466,10.3393

13.6959,24.7219,12.3157,24.1871
9.61334,18.125,5.04855,10.3771

15.1431,25.257,13.7388,24.7951
10.0058,17.2796,5.52373,10.3549

17.0467,25.4694,15.0404,25.6345
10.6146,16.2388,5.90455,10.406

26.2708,18.5095,26.6497,16.3679
15.639,10.7879,10.4654,6.27164

28.5659,18.6089,27.6432,17.9377
15.9216,10.0876,10.4861,6.66873

29.9177,18.9398,28.3291,19.0293
15.9524,9.801,10.4888,6.92183

30.3166,19.584,28.5906,19.8447
15.7309,9.87748,10.4256,7.13005

30.2571,19.8213,28.6576,19.9435
15.6363,9.96727,10.4169,7.14361

30.3069,19.7869,28.645,19.9769
15.6551,9.94274,10.4107,7.15547

30.524,19.5443,28.7443,19.8615
15.7851,9.81849,10.4484,7.11201

30.5649,19.5218,28.7301,19.8987
15.7983,9.80002,10.4409,7.1248

30.4034,19.6753,28.7027,19.906
15.7166,9.88802,10.4314,7.1279

30.2765,19.8126,28.6396,19.9763
15.6397,9.95759,10.4103,7.15636

30.3841,19.6966,28.7019,19.9078
15.7052,9.89913,10.4311,7.12852

30.5198,19.5598,28.7146,19.9049
15.776,9.82231,10.4371,7.12854

30.5069,19.5687,28.729,19.8831
15.7736,9.8302,10.4411,7.11915

30.3474,19.7044,28.6585,19.9308
15.6836,9.90258,10.4299,7.1479

29.8011,19.6288,28.0645,19.9985
15.4758,9.92338,10.4301,7.33467

29.1276,19.3307,27.1732,20.0767
15.2422,9.85354,10.4398,7.6285

28.2234,18.9119,26.0457,20.0792
14.9345,9.75496,10.4738,8.00072

27.1163,18.631,24.8033,20.131
14.5091,9.73389,10.4728,8.44816

25.8654,18.3401,23.4997,20.0931
14.0231,9.72829,10.4798,8.93281

24.5776,18.0675,22.1967,20.0313
13.4998,9.73008,10.4784,9.45572

23.3715,17.6253,20.9245,19.8544
13.0235,9.64258,10.5028,9.99516

22.2175,17.2495,19.7675,19.6519
12.5547,9.58391,10.5134,10.5121

19.4041,18.4956,16.9767,21.0008
11.0814,10.4877,9.56147,12.0335

18.184,18.231,15.9052,20.7395
10.5131,10.4918,9.5059,12.6532

17.0258,17.9572,14.9557,20.3973
9.96227,10.4864,9.47822,13.2371

15.8528,17.684,14.0652,19.9806
9.38498,10.4803,9.47458,13.8241

14.7523,17.4408,13.2476,19.5806
8.82347,10.4771,9.45861,14.4048

13.6649,17.1818,12.4384,19.1626
8.25831,10.4676,9.42417,15.0139

12.7548,17.0199,11.7688,18.8572
7.75771,10.4747,9.36241,15.5692

12.2261,16.8848,11.3671,18.6472
7.47465,10.4694,9.31808,15.9019

11.9915,16.8072,11.1808,18.5403
7.35679,10.4681,9.29204,16.047

11.9703,16.7996,11.1619,18.5328
7.3449,10.466,9.28875,16.0644

12.0205,16.7692,11.1985,18.509
7.38611,10.4577,9.30581,16.0144

11.981,16.7942,11.1921,18.5065
7.35548,10.4679,9.3108,16.0299

11.9754,16.7985,11.2007,18.4988
7.34997,10.4683,9.3203,16.0254

12.021,16.7661,11.2381,18.47
7.38652,10.4565,9.34233,15.9786

11.9777,16.7961,11.1995,18.4994
7.35213,10.4675,9.31881,16.0255

11.9863,16.7927,11.1944,18.5077
7.35881,10.4667,9.31086,16.0276

12.0036,16.7832,11.1807,18.5243
7.37376,10.465,9.29235,16.0329

11.9736,16.8024,11.1602,18.5382
7.34892,10.4703,9.28298,16.0618

12.0334,16.7801,11.1989,18.5257
7.39887,10.4707,9.29136,16.0031

12.3453,16.6579,11.4069,18.4406
7.67428,10.4858,9.33215,15.6717

12.8715,16.4062,11.8394,18.1781
8.15126,10.4844,9.47902,15.0493

13.4119,16.159,12.4104,17.7886
8.66096,10.498,9.70413,14.3009

14.0859,15.8033,13.2687,17.1102
9.31946,10.484,10.0895,13.271

14.7505,15.4357,14.254,16.2649
10.0149,10.4795,10.5238,12.1457

15.3922,15.0571,15.3127,15.3023
10.719,10.461,10.9798,11.0042

15.1379,15.5535,15.536,15.123
10.8212,11.134,10.7461,10.4627

14.2769,16.5902,14.9878,15.6607
10.4545,12.2565,9.98652,10.4664

13.5034,17.4853,14.3705,16.2113
10.1457,13.3466,9.21183,10.4599

12.7673,18.2733,13.6806,16.7654
9.85308,14.4285,8.43426,10.4481

12.0393,18.9889,12.9439,17.3093
9.5409,15.5158,7.67754,10.4297

11.2386,19.7063,12.1117,17.8828
9.14767,16.6977,6.9016,10.417

10.342,20.4287,11.1426,18.5099
8.65107,18.009,6.08394,10.4199

9.83745,20.7119,10.6821,18.582
8.4585,18.9532,5.62705,10.1253

8.7216,21.4748,9.08715,19.683
7.69509,20.5583,4.5314,10.3792

8.04901,21.7489,7.92755,20.2824
7.29966,21.7499,3.75065,10.3638

7.49812,21.8721,6.77681,20.8437
6.97838,22.816,3.02425,10.3454

7.11721,21.9018,5.94125,21.2132
6.74645,23.5806,2.52142,10.3156

6.97697,21.9004,5.66868,21.3
6.65924,23.8816,2.35564,10.2676

6.91029,21.9262,5.61047,21.3195
6.60112,23.9792,2.3218,10.2619

6.9789,21.8995,5.6776,21.2893
6.66191,23.8886,2.35831,10.2551

7.0412,21.837,5.65269,21.2913
6.7343,23.8329,2.34432,10.2524

7.07465,21.7955,5.6249,21.2964
6.77638,23.8054,2.32943,10.2528

7.10062,21.7943,5.67264,21.2768
6.7949,23.763,2.35577,10.2503

7.04641,21.8336,5.6496,21.2945
6.7398,23.828,2.3426,10.2536

6.9779,21.8817,5.63404,21.305
6.66935,23.9034,2.3343,10.257

6.96162,21.9108,5.66677,21.2971
6.64479,23.9089,2.35242,10.2579

6.97315,21.8898,5.64864,21.2987
6.66176,23.902,2.34277,10.2574

7.03242,21.8638,5.64991,21.3163
6.71887,23.8404,2.34233,10.2624

7.14822,21.9008,5.91815,21.2448
6.77825,23.5888,2.49967,10.2972

7.35167,21.9581,6.49638,21.016
6.87329,23.1414,2.83808,10.3112

7.48772,22.1,7.18942,20.7369
6.86755,22.7037,3.25761,10.3351

7.58136,22.2893,7.93027,20.4324
6.80302,22.289,3.71845,10.3536

7.72314,22.4537,8.8143,20.0264
6.75669,21.7588,4.29013,10.3584

7.86458,22.5819,9.61144,19.6585
6.71353,21.2336,4.83549,10.3813

8.12246,22.5994,10.4498,19.2431
6.76144,20.5761,5.4344,10.3921

9.44769,21.5848,12.7126,17.3421
7.72653,18.9642,6.90819,9.56511

9.29078,21.8978,12.6933,17.6949
7.39606,18.6854,7.07392,10.0086

9.48118,21.8517,13.1981,17.4864
7.35406,18.0898,7.57264,10.1475

9.40425,22.0063,13.4495,17.4884
7.09423,17.6963,7.94432,10.4291

9.59695,21.8666,14.0816,17.0562
7.06161,17.0935,8.57515,10.4337

9.77354,21.694,14.6762,16.6198
7.00767,16.4742,9.23091,10.4512

9.9953,21.4341,15.212,16.1891
6.9939,15.8315,9.87576,10.4628

10.2796,21.0725,15.6925,15.7673
7.02718,15.1479,10.5137,10.4752

15.3816,15.998,20.5937,10.7018
10.4859,11.0438,14.4533,7.18092

15.7294,15.4454,20.6965,10.5538
10.4715,10.3684,15.0164,7.30765

16.0625,14.8708,20.8022,10.3558
10.4592,9.72454,15.5913,7.38895

16.423,14.2122,20.9347,10.0743
10.4591,9.0491,16.2418,7.41408

16.7753,13.5289,21.06,9.76316
10.453,8.3888,16.9155,7.40672

17.1302,12.7997,21.1719,9.41694
10.4536,7.73226,17.6155,7.36257

17.4792,12.0875,21.2204,9.13205
10.4783,7.133,18.2186,7.3341

17.6564,11.6827,21.2025,8.99817
10.4808,6.80325,18.538,7.34191

17.6097,11.6282,21.0677,9.07703
10.4087,6.73937,18.5522,7.46374

17.7646,11.4659,21.1122,9.02559
10.5035,6.63708,18.6002,7.42325

17.5811,11.6653,20.997,9.16081
10.3998,6.76783,18.4647,7.53174

17.6023,11.63,21.039,9.1026
10.4078,6.74274,18.526,7.48746

17.604,11.632,21.0815,9.05775
10.4084,6.74412,18.5652,7.44629

17.5849,11.6599,21.0987,9.04217
10.4033,6.76635,18.5676,7.42672

17.6076,11.6226,21.0977,9.0335
10.4111,6.73872,18.5872,7.42697

17.5909,11.6436,21.0535,9.08544
10.4052,6.75444,18.5345,7.46984

17.7275,11.5114,21.1113,9.02652
10.4941,6.67455,18.5791,7.41628

17.6033,11.6189,21.0115,9.12437
10.4094,6.73622,18.5079,7.51053

17.7413,11.5024,21.1201,9.01884
10.5083,6.67263,18.577,7.40606

17.508,11.8488,21.0536,9.16559
10.4177,6.92653,18.3483,7.47151

17.3254,12.2396,21.0647,9.28714
10.4125,7.25054,18.0438,7.45711

17.2521,12.5446,21.1569,9.33545
10.4888,7.53544,17.7763,7.36347

17.0031,13.0459,21.1147,9.53437
10.4801,7.97497,17.337,7.37194

16.7158,13.5868,21.0441,9.75722
10.4563,8.46229,16.8606,7.38481

16.4663,14.0725,20.9766,9.95327
10.4666,8.93672,16.3923,7.36832

16.1779,14.6021,20.8851,10.1695
10.4623,9.4688,15.8849,7.34802

15.895,15.0858,20.7814,10.3561
10.4657,9.99371,15.3976,7.30697

15.6416,15.5181,20.6702,10.5324
10.4788,10.4917,14.9323,7.26123

15.3335,15.9828,20.4947,10.7389
10.4789,11.0611,14.404,7.22007

10.4216,20.8457,15.7309,15.6587
7.11879,14.9453,10.621,10.479

10.2138,21.1285,15.3366,16.0107
7.11683,15.4949,10.0837,10.4686

9.98218,21.4087,14.887,16.3911
7.0964,16.0694,9.52806,10.4702

9.76955,21.6314,14.4258,16.7445
7.08805,16.6226,8.99523,10.4581

9.51561,21.8685,13.8908,17.1402
7.0519,17.2321,8.42467,10.4554

9.31672,22.0145,13.4033,17.4531
7.05134,17.7802,7.92004,10.4124

9.09477,22.1569,12.8635,17.7948
7.02616,18.3411,7.40663,10.3901

8.88747,22.2441,12.2915,18.1171
7.02111,18.9119,6.88691,10.344

9.1581,21.8546,12.3659,17.7521
7.42602,19.0494,6.78508,9.90354

8.36069,22.4371,10.8654,18.9641
6.89216,20.123,5.75991,10.389

8.13315,22.4396,10.103,19.361
6.86364,20.725,5.19492,10.3805

7.92614,22.4072,9.36033,19.7278
6.83897,21.2879,4.66984,10.3673

7.71095,22.3477,8.56105,20.1095
6.80595,21.8678,4.13205,10.3582

7.47638,22.2601,7.69479,20.503
6.75646,22.4841,3.57578,10.3476

7.27452,22.1297,6.84776,20.8656
6.72504,23.0535,3.05391,10.3316

7.10934,21.9799,6.0741,21.1822
6.70693,23.5454,2.5951,10.3166

7.10724,21.8295,5.73379,21.2775
6.78262,23.7149,2.39338,10.2731

7.13493,21.7531,5.6363,21.2889
6.83868,23.7398,2.33539,10.2501

7.1291,21.7544,5.62842,21.2922
6.83396,23.7481,2.33111,10.2508

7.09436,21.7999,5.66354,21.2851
6.78872,23.7728,2.35047,10.252

7.01286,21.8552,5.63703,21.3024
6.70592,23.8641,2.33631,10.2577

6.97692,21.8827,5.63117,21.308
6.66831,23.9042,2.33289,10.2586

7.01174,21.8674,5.66544,21.2911
6.6995,23.8571,2.35181,10.2556

7.05102,21.8245,5.6396,21.297
6.74688,23.8247,2.33749,10.2549

7.10304,21.7806,5.63926,21.2912
6.80347,23.7712,2.33722,10.2521

7.11557,21.7827,5.66405,21.2828
6.81161,23.7515,2.35054,10.2503

7.06301,21.8114,5.6345,21.2969
6.76104,23.813,2.33492,10.2551

7.01637,21.8805,5.66325,21.3142
6.69833,23.8423,2.35195,10.2714

7.10766,21.9654,6.01917,21.2111
6.71357,23.5623,2.56449,10.3236

7.47044,21.9394,6.80067,20.8665
6.93742,22.8572,3.0308,10.3386

7.95593,21.7897,7.5993,20.4945
7.26317,22.0105,3.52976,10.3605

8.6173,21.4959,8.5324,20.031
7.70909,20.9449,4.13741,10.3726

9.38476,21.0782,9.58855,19.4582
8.19509,19.7386,4.86326,10.3671

10.2857,20.4558,10.8448,18.616
8.77494,18.4481,5.74434,10.1966

10.7226,20.2252,11.3869,18.4558
8.89619,17.5992,6.24707,10.4215

11.4354,19.659,12.3399,17.8391
9.21587,16.4604,7.06378,10.424

12.1257,19.0397,13.1261,17.3029
9.5114,15.3914,7.81134,10.4499

12.9747,18.1871,13.926,16.6921
9.89565,14.1699,8.64142,10.4571

13.8674,17.2274,14.5969,16.1369
10.3096,12.9741,9.4134,10.4669

14.8617,16.0837,15.2069,15.5684
10.7812,11.716,10.1977,10.4691

15.8148,14.8961,15.6453,15.115
11.1675,10.4733,10.9407,10.5826

15.0764,15.3424,14.4891,16.182
10.3281,10.4938,10.4978,11.8443

14.3063,15.7557,13.4989,17.0053
9.51485,10.4978,10.1416,13.0098

13.4574,16.1747,12.5861,17.6798
8.67581,10.492,9.82693,14.1693

12.6801,16.5274,11.8268,18.1714
7.96136,10.4881,9.54668,15.1679

12.1956,16.7327,11.3107,18.4963
7.53443,10.4795,9.31264,15.8375

11.983,16.8113,10.9959,18.7058
7.35516,10.4733,9.12729,16.2082

11.9612,16.8297,10.897,18.7974
7.33714,10.4787,9.04335,16.3048

12.0055,16.8045,10.9849,18.7246
7.37667,10.4778,9.10541,16.2041

11.981,16.8028,11.133,18.5696
7.3542,10.4706,9.25451,16.0847

11.9895,16.7878,11.3321,18.3796
7.35827,10.462,9.43627,15.9074

12.0481,16.738,11.4844,18.238
7.40496,10.443,9.56198,15.7541

11.9968,16.7745,11.4318,18.2807
7.36401,10.4564,9.52775,15.8159

11.9987,16.7798,11.3015,18.4066
7.36783,10.4612,9.40602,15.929

12.0152,16.7797,11.1293,18.5781
7.38228,10.4629,9.24184,16.077

11.9763,16.8097,10.9861,18.7077
7.35147,10.4732,9.12229,16.2171

12.0057,16.8105,10.9819,18.7366
7.37047,10.4728,9.10344,16.2173

12.2752,16.865,11.243,18.7776
7.52068,10.473,9.18561,15.9848

12.7983,16.8888,11.6534,18.8641
7.82877,10.4444,9.28139,15.6095

13.4338,17.019,11.9188,19.2863
8.17501,10.44,9.15789,15.3911

14.1314,17.2127,11.9107,20.0796
8.53747,10.4488,8.77198,15.4057

14.8335,17.4153,11.5906,21.1743
8.89452,10.4566,8.17023,15.6427

15.2275,17.6772,10.9055,22.4005
9.04856,10.4961,7.44617,16.1731

15.4027,17.8315,10.4342,23.1343
9.10135,10.5179,7.01052,16.5342

15.4419,17.8412,10.4489,23.1647
9.11908,10.516,7.00651,16.5224

15.4143,17.8056,11.0497,22.5649
9.09862,10.4996,7.46244,16.1033

15.5092,17.6793,11.9054,21.7387
9.17135,10.4486,8.08348,15.4606

15.5076,17.6552,12.4565,21.2057
9.1643,10.4353,8.49633,15.0681

15.4923,17.6667,12.4335,21.2259
9.15194,10.4392,8.48303,15.0899

15.5103,17.6792,11.8894,21.7542
9.17253,10.4488,8.07126,15.4714

15.4321,17.7891,11.1008,22.5167
9.11331,10.494,7.49679,16.0599

15.428,17.8353,10.5737,23.0355
9.10895,10.5127,7.10379,16.4386

15.4352,17.8262,10.6199,22.9906
9.11532,10.5098,7.13658,16.4023

15.4322,17.783,11.1713,22.4467
9.11381,10.4918,7.54952,16.0088

15.501,17.6816,11.9267,21.7142
9.16593,10.4501,8.10157,15.4464

15.4991,17.6639,12.3608,21.2961
9.15847,10.4387,8.42725,15.1395

15.4996,17.6665,12.2808,21.3729
9.15975,10.4402,8.36748,15.1965

15.4946,17.6968,11.7798,21.8588
9.16085,10.4561,7.99257,15.5544

15.4331,17.7898,11.0694,22.5466
9.11472,10.4949,7.47315,16.0813

15.4354,17.8215,10.6859,22.9266
9.11549,10.5079,7.1855,16.3551

15.4367,17.8109,10.7837,22.8289
9.11737,10.504,7.25851,16.2841

15.4477,17.7638,11.2993,22.3241
9.12575,10.4843,7.64182,15.9122

15.5006,17.6839,11.9192,21.7236
9.1644,10.4499,8.09603,15.4536

15.4959,17.6698,12.2412,21.4096
9.15774,10.4421,8.33879,15.2254

15.4967,17.6755,12.1181,21.5293
9.15965,10.4452,8.24621,15.3129

15.4778,17.7169,11.6418,21.9903
9.14943,10.4656,7.89235,15.6566

15.4381,17.7897,11.0531,22.5654
9.11809,10.4948,7.45938,16.0917

15.439,17.8082,10.8012,22.8121
9.11942,10.5033,7.27091,16.2703

15.4393,17.7943,10.9501,22.6641
9.12,10.4973,7.38267,16.164

15.4542,17.7495,11.4273,22.1985
9.13153,10.4792,7.7361,15.8172

15.4921,17.688,11.9237,21.7162
9.15828,10.4518,8.10161,15.4523

15.4912,17.6782,12.128,21.5181
9.15556,10.4464,8.25496,15.307

15.4915,17.6871,11.9512,21.6896
9.15736,10.451,8.12246,15.4332

15.4661,17.7356,11.519,22.1112
9.14015,10.4732,7.8022,15.7484

15.4436,17.7808,11.089,22.5285
9.12348,10.4919,7.48549,16.0631

15.441,17.7945,10.925,22.6885
9.12167,10.4978,7.36353,16.181

15.4452,17.7787,11.1064,22.5121
9.12436,10.4908,7.49819,16.0506

15.4618,17.7357,11.5317,22.096
9.13748,10.4736,7.81305,15.7399

15.4879,17.6919,11.9073,21.7316
9.15508,10.4533,8.09025,15.4653

15.4896,17.6863,12.0122,21.6315
9.15465,10.4497,8.16851,15.3911

15.4451,17.6586,11.7812,21.7686
9.15923,10.4661,8.0141,15.5246

15.2951,17.3887,11.3282,21.7427
9.2431,10.4924,7.76236,15.6661

15.1016,16.9193,10.9973,21.347
9.40612,10.5085,7.64028,15.6091

14.8137,16.3104,10.964,20.4418
9.59426,10.5237,7.79544,15.2506

14.539,15.6275,11.2951,19.1297
9.82908,10.5193,8.25385,14.5618

14.2681,14.9267,11.8106,17.6191
10.0879,10.5065,8.88741,13.6821

13.9507,14.2042,12.3298,16.0251
10.3529,10.4964,9.58532,12.7294

13.6545,13.5143,12.6653,14.6505
10.6377,10.4838,10.147,11.8955

13.3387,12.8838,12.7223,13.585
10.9118,10.4914,10.4806,11.2801

13.0122,12.294,12.5421,12.7903
11.1709,10.4977,10.616,10.8795

12.7832,11.9076,12.3017,12.3724
11.3579,10.5141,10.5935,10.6985

12.7304,11.5647,12.1534,12.1034
11.5629,10.4206,10.5914,10.5891

12.7696,11.3814,12.0953,12.0166
11.6809,10.3137,10.5975,10.5719

12.8469,11.3044,12.1009,12.0151
11.7487,10.2317,10.6066,10.577

